[{"naziv":"Double Tree by Hilton","adresa":"Ulica grada Vukovara 269A","grad":"Zagreb","zupanija":"Grad Zagreb","drzava":"Republika Hrvatska","brojzvjezdica":5,"ratings":{"googlerating" : 4.6, "bookingrating" : 8.8, "trivagorating" : 8.9},"weburl":"https://www.hilton.com/en/hotels/zagcrdi-doubletree-zagreb/","telefon":"016001900","email":null}, {"naziv":"Esplanade","adresa":"Ulica Antuna Mihanovića 1","grad":"Zagreb","zupanija":"Grad Zagreb","drzava":"Republika Hrvatska","brojzvjezdica":5,"ratings":{"googlerating" : 4.7, "bookingrating" : 9.2, "trivagorating" : 9.2},"weburl":"https://www.esplanade.hr/","telefon":"014566666","email":"info@esplanade.hr"}, {"naziv":"Garden Hotel","adresa":"Vodnikova ulica 13","grad":"Zagreb","zupanija":"Grad Zagreb","drzava":"Republika Hrvatska","brojzvjezdica":4,"ratings":{"googlerating" : 4, "bookingrating" : 8, "trivagorating" : 7.9},"weburl":"http://www.gardenhotel.hr/","telefon":"014843720","email":"info@gardenhotel.hr"}, {"naziv":"Hotel Academia","adresa":"Ulica Ivana Tkalčića 88","grad":"Zagreb","zupanija":"Grad Zagreb","drzava":"Republika Hrvatska","brojzvjezdica":4,"ratings":{"googlerating" : 4.5, "bookingrating" : 8.9, "trivagorating" : 8.5},"weburl":"https://www.hotelacademia.hr/","telefon":"014550046","email":"recepcija@hotelacademia.hr"}, {"naziv":"Hotel Antunović","adresa":"Zagrebačka avenija 100","grad":"Zagreb","zupanija":"Grad Zagreb","drzava":"Republika Hrvatska","brojzvjezdica":4,"ratings":{"googlerating" : 4.5, "bookingrating" : 9.1, "trivagorating" : 8.6},"weburl":"https://antunovic.hr/","telefon":"012041200","email":"rezervacije@antunovic.hr"}, {"naziv":"Hotel Aristos","adresa":"Cebini ulica 33","grad":"Zagreb","zupanija":"Grad Zagreb","drzava":"Republika Hrvatska","brojzvjezdica":4,"ratings":{"googlerating" : 4.1, "bookingrating" : 8.4, "trivagorating" : 8.1},"weburl":"https://www.hotel-aristos.hr/","telefon":"016695900","email":"aristos@hotel-aristos.hr"}, {"naziv":"Hotel Calypso","adresa":"Hojnikova ulica 43","grad":"Zagreb","zupanija":"Grad Zagreb","drzava":"Republika Hrvatska","brojzvjezdica":3,"ratings":{"googlerating" : 4.5, "bookingrating" : 8.9, "trivagorating" : 8.8},"weburl":"https://www.hotel-aristos.hr/","telefon":"016530000","email":"calypso@hotel-calypso.hr"}, {"naziv":"Hotel Dubrovnik","adresa":"Ulica Ljudevita Gaja 1","grad":"Zagreb","zupanija":"Grad Zagreb","drzava":"Republika Hrvatska","brojzvjezdica":4,"ratings":{"googlerating" : 4.5, "bookingrating" : 8.9, "trivagorating" : 8.5},"weburl":"https://www.hotel-dubrovnik.hr/","telefon":"014863555","email":"info@hotel-dubrovnik.hr"}, {"naziv":"Hotel International","adresa":"Miramarska cesta 24","grad":"Zagreb","zupanija":"Grad Zagreb","drzava":"Republika Hrvatska","brojzvjezdica":4,"ratings":{"googlerating" : 4.5, "bookingrating" : 8.8, "trivagorating" : 8.5},"weburl":null,"telefon":"016108800","email":null}, {"naziv":"Hotel Jadran","adresa":"Vlaška ulica 50","grad":"Zagreb","zupanija":"Grad Zagreb","drzava":"Republika Hrvatska","brojzvjezdica":3,"ratings":{"googlerating" : 4.1, "bookingrating" : 8.5, "trivagorating" : 9},"weburl":null,"telefon":"014553777","email":null}, {"naziv":"Hotel Jägerhorn","adresa":"Ilica 14","grad":"Zagreb","zupanija":"Grad Zagreb","drzava":"Republika Hrvatska","brojzvjezdica":3,"ratings":{"googlerating" : 4.7, "bookingrating" : 9, "trivagorating" : 8.9},"weburl":"https://www.hotel-jagerhorn.hr/","telefon":"014833877","email":"info@hotel-jagerhorn.hr"}, {"naziv":"Hotel Le Premier","adresa":"Ulica kralja Držislava 5","grad":"Zagreb","zupanija":"Grad Zagreb","drzava":"Republika Hrvatska","brojzvjezdica":5,"ratings":{"googlerating" : 4.6, "bookingrating" : 9.1, "trivagorating" : 8.8},"weburl":"https://www.lepremier.hr/","telefon":"014400880","email":"info@lepremier.hr"}, {"naziv":"Hotel Meridijan16","adresa":"Ulica grada Vukovara 241","grad":"Zagreb","zupanija":"Grad Zagreb","drzava":"Republika Hrvatska","brojzvjezdica":3,"ratings":{"googlerating" : 4.1, "bookingrating" : 8.3, "trivagorating" : 8.2},"weburl":"https://www.meridijan16.com/hr/","telefon":"016065200","email":"desk@meridijan16.com"}, {"naziv":"Orient Express","adresa":"Trnjanska cesta 11E","grad":"Zagreb","zupanija":"Grad Zagreb","drzava":"Republika Hrvatska","brojzvjezdica":3,"ratings":{"googlerating" : 4.3, "bookingrating" : 8.5, "trivagorating" : 8.3},"weburl":"https://www.hotelorientexpress.com/","telefon":"014954210","email":"info@hotelorientexpress.com"}, {"naziv":"Sheraton","adresa":"Ulica kneza Borne 2","grad":"Zagreb","zupanija":"Grad Zagreb","drzava":"Republika Hrvatska","brojzvjezdica":5,"ratings":{"googlerating" : 4.5, "bookingrating" : 8.7, "trivagorating" : 8.2},"weburl":null,"telefon":"014553535","email":null}, {"naziv":"The Westin Zagreb","adresa":"Ulica Izidora Kršnjavog 1","grad":"Zagreb","zupanija":"Grad Zagreb","drzava":"Republika Hrvatska","brojzvjezdica":5,"ratings":{"googlerating" : 4.4, "bookingrating" : 8.4, "trivagorating" : 8.2},"weburl":null,"telefon":"014892000","email":"westin.zagreb@westin.com"}, {"naziv":"Admiral Hotel","adresa":"Rudeška cesta 2","grad":"Zagreb","zupanija":"Grad Zagreb","drzava":"Republika Hrvatska","brojzvjezdica":5,"ratings":{"googlerating" : 4.5, "bookingrating" : 8.7, "trivagorating" : 8.2},"weburl":"https://www.admiralhotel.hr/","telefon":"013322901","email":"info@admiralhotel.hr"}, {"naziv":"Hotel President","adresa":"Pantovčak 52","grad":"Zagreb","zupanija":"Grad Zagreb","drzava":"Republika Hrvatska","brojzvjezdica":4,"ratings":{"googlerating" : 4.5, "bookingrating" : 8.7, "trivagorating" : 8.6},"weburl":"http://www.president-zagreb.com/","telefon":"014881480","email":"hotel@president-zagreb.com"}]
